[{
  "_id": "fd1",
  "people": [
    "d1"
  ]
},{
  "_id": "fd2",
  "people": [
    "d2"
  ]
},{
  "_id": "fd3",
  "people": [
    "d3"
  ]
},{
  "_id": "fd4",
  "people": [
    "d4"
  ]
},{
  "_id": "fd5",
  "people": [
    "d5"
  ]
},{
  "_id": "fd6",
  "people": [
    "d6"
  ]
},{
  "_id": "fd7",
  "people": [
    "d7"
  ]
},{
  "_id": "fd8",
  "people": [
    "r1"
  ]
},{
  "_id": "fd9",
  "people": [
    "r2"
  ]
},{
  "_id": "fd10",
  "people": [
    "r3"
  ]
},{
  "_id": "fd11",
  "people": [
    "r4"
  ]
},{
  "_id": "fd12",
  "people": [
    "r5"
  ]
},{
  "_id": "fd13",
  "people": [
    "r6"
  ]
},{
  "_id": "fd14",
  "people": [
    "r7"
  ]
}]