[{
  "_id": "pf0",
  "pull_request_id": "p1",
  "path": "a/b/c/f0"
},{
  "_id": "pf1",
  "pull_request_id": "p1",
  "path": "a/b/c/f1"
},{
  "_id": "pf2",
  "pull_request_id": "p2",
  "path": "a/b/d/f1"
},{
  "_id": "pf3",
  "pull_request_id": "p3",
  "path": "a/b/d/f1"
},{
  "_id": "pf4",
  "pull_request_id": "p4",
  "path": "a/b/c/f2"
},{
  "_id": "pf5",
  "pull_request_id": "p4",
  "path": "a/b/c/f3"
},{
  "_id": "pf6",
  "pull_request_id": "p5",
  "path": "a/b/d/f4"
},{
  "_id": "pf7",
  "pull_request_id": "p6",
  "path": "a/b/d/f5"
},{
  "_id": "pf8",
  "pull_request_id": "p6",
  "path": "a/b/c/f6"
},{
  "_id": "pf9",
  "pull_request_id": "p6",
  "path": "a/b/c/f7"
}]